Designator,Val,Package,Mid X,Mid Y,Rotation,Layer
C1,10pF,C_0805_2012Metric,102.500,-101.500,270.0,Bottom
C2,10pF,C_0805_2012Metric,116.750,-101.750,270.0,Bottom
C3,10pF,C_0805_2012Metric,119.000,-101.750,90.0,Bottom
C4,100nF,C_0805_2012Metric,121.250,-128.000,0.0,Bottom
C5,10uF,C_0805_2012Metric,104.250,-82.500,180.0,Bottom
C6,100nF,C_0805_2012Metric,110.250,-98.000,0.0,Bottom
C7,10pF,C_0805_2012Metric,102.500,-106.750,90.0,Bottom
C8,10uF,C_0805_2012Metric,112.750,-82.500,0.0,Bottom
C9,100nF,C_0805_2012Metric,110.500,-108.000,180.0,Bottom
D1,D,D_SMA,125.500,-76.000,180.0,Bottom
D2,D,D_SMA,125.500,-72.000,180.0,Bottom
D3,D,D_SOD-323,115.600,-129.400,90.0,Bottom
D4,D,D_SOD-323,108.200,-60.950,90.0,Bottom
D5,D,D_SOD-323,106.200,-60.950,90.0,Bottom
D6,D,D_SOD-323,108.800,-87.150,90.0,Bottom
D7,D,D_SOD-323,106.800,-87.150,90.0,Bottom
D8,D,D_SOD-323,111.600,-124.350,90.0,Bottom
D9,D,D_SOD-323,109.400,-124.350,90.0,Bottom
D10,D,D_SOD-323,108.200,-135.550,90.0,Bottom
D11,D,D_SOD-323,106.000,-135.550,90.0,Bottom
F1,Polyfuse,Fuse_1206_3216Metric,103.590,-80.000,0.0,Bottom
F2,Polyfuse,Fuse_1206_3216Metric,112.090,-80.000,0.0,Bottom
R1,100k,R_0805_2012Metric,105.650,-98.000,0.0,Bottom
R2,100k,R_0805_2012Metric,126.713,-61.000,0.0,Bottom
R3,1k,R_0805_2012Metric,126.713,-63.000,180.0,Bottom
R4,100k,R_0805_2012Metric,109.850,-65.500,0.0,Bottom
R5,100k,R_0805_2012Metric,104.650,-65.500,0.0,Bottom
R6,100k,R_0805_2012Metric,114.750,-101.750,270.0,Bottom
R7,100k,R_0805_2012Metric,126.713,-87.200,0.0,Bottom
R8,1k,R_0805_2012Metric,126.713,-89.200,180.0,Bottom
R9,100k,R_0805_2012Metric,109.850,-91.500,0.0,Bottom
R10,100k,R_0805_2012Metric,104.650,-91.500,0.0,Bottom
R11,1k,R_0805_2012Metric,116.400,-126.000,180.0,Bottom
R12,100k,R_0805_2012Metric,114.750,-106.650,90.0,Bottom
R13,100k,R_0805_2012Metric,126.688,-113.400,0.0,Bottom
R14,1k,R_0805_2012Metric,126.650,-115.400,180.0,Bottom
R15,100k,R_0805_2012Metric,109.850,-117.500,0.0,Bottom
R16,100k,R_0805_2012Metric,104.650,-117.500,0.0,Bottom
R17,100k,R_0805_2012Metric,105.850,-108.000,0.0,Bottom
R18,100k,R_0805_2012Metric,126.688,-139.200,0.0,Bottom
R19,1k,R_0805_2012Metric,126.688,-141.200,180.0,Bottom
R20,100k,R_0805_2012Metric,109.850,-143.500,0.0,Bottom
R21,100k,R_0805_2012Metric,104.650,-143.500,0.0,Bottom
R22,1k,R_0805_2012Metric,121.088,-59.000,180.0,Bottom
R23,1k,R_0805_2012Metric,121.513,-85.200,180.0,Bottom
R24,1k,R_0805_2012Metric,120.912,-111.400,180.0,Bottom
R25,1k,R_0805_2012Metric,121.400,-137.200,180.0,Bottom
R26,1k,R_0805_2012Metric,126.688,-59.000,0.0,Bottom
R27,1k,R_0805_2012Metric,126.713,-85.200,180.0,Bottom
R28,1k,R_0805_2012Metric,126.688,-111.400,180.0,Bottom
R29,1k,R_0805_2012Metric,126.688,-137.200,180.0,Bottom
U1,TL074,SOIC-14_3.9x8.7mm_P1.27mm,108.940,-103.050,270.0,Bottom
U2,LM4040DBZ-5,SOT-23,120.750,-125.050,0.0,Bottom
